"region","shipping_time"
"South","3.9612015018773467"
"West","3.9302547770700637"
"East","3.9102333931777379"
"Central","4.0658761528326746"
